Recency,Frequency,Monetary
325,1,77183.6
1,182,4310.0
74,31,1797.24
18,73,1757.55
309,17,334.4
35,85,2506.04
203,4,89.0
231,58,1079.4
213,13,459.4
22,59,2811.43
32,131,6207.67
1,19,1168.06
57,245,6310.03
51,129,2662.06
286,10,189.9
2,266,5226.23
109,23,552.0
7,85,1313.1
290,22,641.38
3,11,168.9
50,166,3541.94
44,63,1887.96
71,52,1298.04
310,14,364.6
24,33,742.9300000000001
10,17,457.5
314,77,1628.12
129,219,4008.62
81,40,852.24
21,104,2724.81
4,87,1845.31
184,99,1850.56
28,27,585.27
337,10,401.9
15,100,2780.66
79,32,549.84
21,93,439.66
71,64,1582.6000000000001
63,27,1272.48
18,156,3018.63
35,126,2409.9
45,85,1635.6599999999999
118,59,1108.65
302,5,84.3
322,11,225.6
49,5,427.7
148,54,1710.39
21,105,3415.3
49,77,1708.1200000000001
32,105,2888.55
78,109,11072.67
308,26,693.3299999999999
74,61,1226.88
66,38,758.1
216,18,562.41
23,714,124914.53
2,192,3649.1
112,34,668.58
63,29,600.39
15,45,807.04
95,39,803.5600000000001
0,125,1859.31
162,30,1760.96
77,36,777.2
194,30,582.73
21,31,825.8
25,294,7956.46
8,97,3750.4
42,11,256.4
35,234,6419.95
42,108,5059.32
0,420,13375.87
84,50,806.14
79,36,7829.89
99,16,509.01
1,199,4951.41
13,98,2906.85
366,11,173.55
2,12,172.06
20,176,5005.46
21,4,133.4
57,57,1002.3100000000001
242,26,476.49
43,22,449.45
21,191,4067.29
155,8,197.88
10,354,9035.52
16,22,430.57
133,43,707.09
55,15,3528.34
72,90,2466.86
43,125,3181.04
65,62,2363.23
70,38,947.4
93,35,826.88
18,62,1189.59
52,83,1344.78
9,29,1212.05
16,47,742.1899999999999
187,38,729.5400000000001
1,459,19788.65
31,339,6572.11
28,167,3928.0499999999997
16,422,7324.09
53,36,723.38
15,233,6816.42
22,300,13219.74
3,36,680.99
10,31,527.2
27,154,3281.63
22,216,5579.82
16,75,2484.98
32,343,4527.32
9,55,1298.66
335,15,334.93
4,245,5417.93
38,26,460.40000000000003
62,20,263.21000000000004
165,22,433.74
15,77,1246.1000000000001
81,14,1043.1
20,23,403.70000000000005
22,61,4257.82
336,149,2169.39
95,147,3723.87
17,9,482.04999999999995
232,23,73.5
133,21,1304.81
25,68,397.88
283,7,176.5
142,33,982.5699999999999
65,31,132.18
112,35,612.29
266,51,1017.68
352,16,383.7
77,26,1312.06
27,279,2481.6
0,124,2056.89
63,17,330.84
78,152,2634.26
142,38,599.68
38,12,192.72
18,106,1789.77
8,144,4485.72
0,71,1316.66
81,18,348.71000000000004
8,92,1933.48
59,66,1662.28
14,17,125.22
29,16,349.83000000000004
130,63,1089.18
91,34,716.35
42,261,12601.830000000002
28,21,363.95
21,273,5568.35
19,478,13400.24
29,52,981.18
35,19,372.7
74,50,1000.39
46,69,1161.5
197,8,207.79999999999998
165,5,95.19999999999999
78,57,964.83
357,10,168.0
38,20,437.82
7,191,3692.28
49,119,599.56
15,33,11990.960000000001
7,11,269.96
310,21,561.71
4,105,2134.01
302,16,238.85
7,168,3781.7400000000002
260,21,456.9
288,9,145.92
85,19,351.65
22,446,9401.28
1,188,4124.69
39,34,519.61
8,60,1020.42
226,28,160.54000000000002
315,11,218.45
35,88,1315.83
34,146,626.6
20,114,2794.51
77,29,440.42
246,24,415.7
39,15,197.71
238,22,511.36
2,247,7281.38
3,96,2338.15
233,87,2040.1
16,11,196.94000000000003
7,4,144.0
38,10,214.89999999999998
28,35,646.68
210,68,9864.26
316,26,452.84999999999997
91,18,437.6
108,21,418.09999999999997
37,118,3338.2200000000003
50,27,618.27
18,206,3811.22
9,132,3023.08
28,62,1032.58
28,64,2599.04
189,28,577.0600000000001
58,12,153.12
21,2,739.1999999999999
78,16,254.18
59,101,1579.51
77,60,1126.85
22,106,2099.54
51,65,1193.32
73,19,704.0400000000001
56,153,3344.38
277,20,315.6
1,105,2291.19
94,32,713.3
28,41,352.98
21,11,177.31
15,90,3641.24
14,92,1339.41
1,467,13689.67
231,11,180.1
275,18,305.1
105,38,641.13
211,86,2683.82
22,294,6620.48
10,230,4478.53
3,41,786.46
9,64,1270.88
56,31,640.5
58,101,2163.98
89,101,1689.18
66,382,6002.9
32,39,671.69
238,22,486.1
23,53,1174.58
114,10,185.9
24,47,1013.26
127,24,3344.64
129,31,477.91
33,73,1775.18
4,45,1346.97
21,121,3722.82
154,21,318.05
106,31,623.51
2,20,314.44
334,9,114.0
330,48,919.98
148,43,2209.85
10,38,601.98
16,126,4051.17
10,47,1643.18
18,36,686.05
29,5,91.68
10,13,245.1
0,230,3849.78
7,37,4881.88
324,3,63.0
57,33,620.13
11,161,3807.15
150,101,2744.0299999999997
9,92,2996.05
329,10,225.89999999999998
4,42,610.52
38,83,1970.6
24,45,1331.39
41,165,17628.46
58,48,1113.02
0,52,862.81
14,638,13787.54
3,524,12279.82
3,344,8476.57
7,105,2283.63
27,157,2863.08
371,7,89.14
113,171,4873.8099999999995
25,72,1247.61
205,16,389.01
27,32,1035.8
126,39,855.91
69,37,869.67
6,27,582.1
28,41,957.59
7,268,4939.99
79,53,797.71
19,12,219.0
70,21,283.55
6,88,2340.84
14,334,6868.29
291,33,603.42
29,157,2712.91
14,207,9706.52
96,77,1149.02
28,133,4396.13
0,38,848.55
8,259,4708.86
105,20,343.36
3,69,1053.49
150,55,1030.98
70,19,238.25
4,39,644.95
2,354,5781.73
31,161,2656.13
84,53,997.63
3,69,725.07
4,53,1031.41
370,24,427.8
27,124,2609.1
10,139,3980.7
70,46,836.33
113,26,453.01
23,274,18895.91
179,12,236.26000000000002
233,22,383.95
352,4,110.39999999999999
314,43,779.5699999999999
332,4,234.0
371,11,155.35
77,38,1013.04
63,27,427.6
133,131,540.13
51,222,21279.29
1,103,4196.01
0,4412,33053.19
3,199,4090.88
128,15,275.88
80,53,4366.78
22,197,21429.39
235,63,3010.74
280,4,3811.95
86,4,112.07999999999998
15,364,7834.650000000001
116,97,2791.59
51,95,1531.44
7,69,1898.52
137,18,494.08
316,45,1693.88
3,310,6989.63
238,32,1143.6
210,12,1351.45
59,55,892.47
16,66,1386.04
19,50,822.23
37,149,3981.36
63,25,826.74
4,103,2330.92
1,84,2225.91
8,57,532.8199999999999
363,14,311.95
9,20,463.66
64,4,91.85
191,21,324.92
373,2,192.60000000000002
256,25,400.53999999999996
334,24,545.48
52,45,860.41
18,14,430.48
365,13,254.03
9,8,6977.04
186,25,427.58
36,28,483.65000000000003
177,25,489.31
260,31,514.85
44,15,229.64000000000001
101,2,125.92
147,47,1063.46
95,29,572.2
280,4,166.04
261,14,1542.08
2,59,942.34
213,6,92.72
70,46,948.88
74,5,1759.5
59,25,397.12
2,91,1474.72
5,25,430.15000000000003
2,56,1018.71
336,11,293.0
37,38,6814.64
261,9,215.05
31,27,383.03
144,24,417.38
282,18,312.38
58,174,2610.36
172,12,134.1
33,120,671.95
2,314,5591.42
143,113,2726.77
4,414,3991.58
69,34,1118.99
65,103,1702.26
28,52,325.96000000000004
266,27,354.09
21,84,843.64
30,48,1010.29
96,47,131.81
294,17,311.55
134,78,1957.1000000000001
78,109,1316.25
372,3,38.1
7,311,2170.78
210,46,1106.4
51,5,521.2
137,3,147.12
25,95,1568.23
282,26,559.12
25,534,4009.34
185,107,1607.0600000000002
83,11,380.64
326,66,599.97
281,4,374.0
142,2,343.2300000000001
57,85,2218.02
3,154,1535.77
235,47,854.99
44,10,573.22
275,7,298.0
8,13,1463.04
24,42,703.47
87,7,309.05
62,71,1175.22
67,82,1378.4
213,5,354.12
23,79,376.71999999999997
185,3,331.0
30,31,176.55
41,22,372.8
204,4,216.5
8,116,17654.54
264,10,138.68
17,71,496.06
11,63,2919.81
175,2,750.0
39,91,2178.67
22,75,3075.04
2,24,1662.3
4,50,2483.63
148,22,363.65
138,103,2944.95
127,2,594.0
7,50,1335.19
16,27,162.78
8,720,16587.09
160,28,405.38
63,28,172.82
87,30,933.7
4,45,694.05
34,84,2062.7000000000003
311,8,117.85
77,25,415.8
21,82,42055.96
23,106,607.53
1,129,2160.7
16,62,1063.9
14,120,1504.27
25,9,114.14
63,47,11581.8
54,96,899.69
130,70,675.6
35,30,604.51
287,23,462.95
143,97,1603.99
15,116,2064.95
30,215,4167.22
1,23,1843.0
8,63,1064.07
5,79,1387.79
9,17,329.85
0,180,4757.16
305,19,108.07
9,238,4017.54
6,16,266.39
7,95,1856.63
88,108,769.8100000000001
9,10,160.18
357,19,1660.9
111,5,135.95
6,129,405.47
3,305,11189.91
197,8,144.8
211,22,738.6
155,9,39.239999999999995
157,20,7374.900000000001
29,20,372.21999999999997
242,28,390.54
18,4,97.5
0,76,1239.38
73,28,558.7
291,83,505.82
2,64,6924.110000000001
30,13,409.5
22,31,503.76
22,27,414.76
3,61,974.4200000000001
84,3,211.32
21,59,1226.89
195,28,455.88
106,31,534.85
3,337,9785.970000000001
317,7,120.94999999999999
105,6,149.05
11,404,5655.91
173,26,513.7
55,4,81.57
322,14,229.46999999999997
371,3,50.550000000000004
8,88,1646.8400000000001
0,219,4810.9400000000005
10,109,3466.2799999999997
52,175,3339.64
72,47,789.89
6,1,204.0
15,458,7277.7
3,131,2616.38
63,40,689.9
0,40,975.36
113,26,6912.0
22,45,661.3199999999999
30,10,1247.5
10,92,752.4399999999999
51,71,1010.18
356,11,190.55
54,37,642.77
73,27,921.88
137,48,881.07
79,28,908.46
8,43,676.99
272,13,516.42
290,33,560.47
98,18,305.28000000000003
30,35,629.31
31,172,3237.54
13,135,1819.41
63,14,656.6800000000001
14,403,5836.86
211,18,348.15000000000003
77,76,1214.41
24,8,271.40000000000003
249,8,183.4
253,15,307.53
71,10,248.61
190,11,346.98
12,68,1105.59
372,14,205.86
23,48,470.8
81,15,115.46000000000001
9,2,344.0
0,424,4431.44
191,9,228.8
266,7,177.15
129,22,919.61
0,111,728.02
2,358,12627.94
3,6,220.10000000000002
178,6,58.08
11,1024,28337.38
125,73,3613.63
3,18,303.75
157,22,416.08000000000004
2,1814,58762.08
8,155,8910.82
27,21,345.82
70,25,477.83
275,159,7832.47
20,24,1927.3200000000002
70,6,74.39999999999999
32,421,6003.22
0,572,28882.44
98,1,207.35999999999999
233,8,101.19
0,304,6424.09
39,8,243.94
2,20,1098.48
132,1,76.5
43,58,1531.6200000000001
372,10,350.06
59,47,786.54
30,145,1488.67
0,200,12245.960000000001
11,120,2294.78
137,30,501.14
21,76,984.91
19,79,1197.81
238,1,30.599999999999998
268,50,283.73
93,55,922.39
89,222,3756.33
4,140,2099.64
77,15,259.17
93,2,64.0
22,44,1073.3
261,3,77.3
273,7,109.8
85,98,1793.58
196,1,3096.0
55,127,2607.61
10,687,3603.29
21,63,962.39
15,170,5064.94
107,45,422.47
84,135,2388.75
18,23,307.09
332,3,110.95
39,6,618.52
25,17,228.91
9,4,712.8000000000001
28,312,3683.26
13,86,1676.06
295,74,1257.8700000000001
5,15,486.22
32,85,971.76
48,87,1741.22
94,79,1201.06
8,120,1429.35
21,4,91.8
312,8,112.75
121,79,1688.29
45,42,1021.48
282,41,417.2
18,65,791.33
35,126,1299.59
63,13,712.88
26,30,108.81
21,46,468.41
3,43,353.65
15,293,2742.82
45,67,481.49
64,17,282.45
25,265,5725.47
44,11,121.18
7,94,3957.78
14,179,1668.95
267,1,71.4
39,79,1575.89
336,37,236.02
10,2,114.60000000000001
18,29,260.68
94,63,911.94
60,25,112.08
135,3,60.7
10,110,1797.78
9,226,3401.2400000000002
3,119,9817.12
18,46,870.09
9,57,869.46
14,8,250.26000000000002
58,148,1217.65
29,321,5891.61
93,22,353.48
9,55,1095.42
19,141,786.83
56,90,1520.58
267,5,333.74
121,4,533.98
126,5,62.63999999999999
77,21,819.2900000000001
239,66,847.41
199,5,163.20000000000002
59,108,2155.95
2,32,6463.84
272,16,108.21000000000001
201,9,257.7
80,2,358.0
225,10,160.95
3,587,2755.63
12,202,1328.35
73,43,605.12
211,58,1031.07
24,36,744.85
16,31,700.73
261,21,329.56
95,67,663.65
111,13,270.40000000000003
202,57,585.12
92,27,121.74000000000001
50,16,430.5
17,136,1961.52
17,25,501.12
124,26,465.68
91,23,711.41
156,36,1030.4
8,13,399.51
11,36,672.83
61,81,283.18
60,8,557.62
268,9,944.1
262,11,200.29
0,1667,7436.93
52,90,2092.66
10,187,3834.2599999999998
2,211,4521.49
17,433,3174.75
0,315,5343.28
365,1,590.0
36,87,211.49
30,15,276.56
112,16,138.98
63,30,590.9300000000001
15,8,258.4
40,46,542.73
77,9,137.75
121,82,798.46
17,37,1132.14
59,7,93.66
330,13,201.19
22,187,2709.12
155,42,361.11
38,31,578.9399999999999
189,54,873.74
359,10,201.20000000000002
136,5,87.4
7,59,2089.85
0,2,360.0
267,5,142.5
168,20,371.89
103,81,618.09
154,1,63.75
350,21,300.42
3,81,2000.86
119,1,15.0
22,54,1385.51
6,107,1456.79
27,72,1132.03
3,26,598.57
21,78,1555.32
1,62,775.94
36,86,5732.93
65,124,2273.68
0,20,640.76
4,476,10845.550000000001
77,105,1532.2
71,11,567.36
16,25,199.48000000000002
2,21,787.85
35,75,7121.95
81,12,675.3
38,108,3627.77
315,17,1308.48
31,17,789.0
92,53,1140.93
13,21,350.9
81,265,3502.32
76,51,795.12
157,19,487.02
200,54,860.12
44,134,10736.48
260,42,775.85
177,19,353.43
67,116,2511.69
287,20,389.5
69,8,341.36
63,14,233.76
10,16,247.32
15,40,979.12
65,16,373.94
59,24,397.97999999999996
70,51,743.53
121,32,674.7
79,42,768.24
256,89,609.4
268,29,439.03
63,23,439.56
8,166,3090.7400000000002
17,60,992.5
70,10,134.95999999999998
33,128,2225.37
49,1,56.160000000000004
256,29,623.4
365,14,308.28000000000003
371,39,754.87
89,23,378.64
60,158,3312.25
88,37,778.65
98,53,1019.76
25,97,572.56
31,172,3639.31
280,15,222.99
30,152,4151.93
329,35,534.57
130,35,677.1
10,51,797.96
74,13,544.08
203,1,59.8
1,155,2520.02
184,21,307.72
28,43,1360.99
72,38,1544.13
191,26,457.34
126,39,621.23
17,3,75.0
0,11,252.49
73,27,572.451
1,478,28117.04
23,28,1003.06
106,18,213.55
133,24,1390.5
43,19,712.5
4,28,640.83
11,304,6127.43
63,16,221.06
149,8,159.85
39,102,1833.71
63,127,2626.3
107,78,1624.21
0,157,3641.32
18,29,582.6
9,71,201.78
10,67,1006.8
18,49,679.45
66,46,1269.1
73,10,534.24
4,101,3809.8900000000003
1,12,196.89
13,167,3408.06
254,54,283.71
91,13,296.64
22,59,1129.14
16,194,3534.69
23,19,291.88
26,71,2043.7199999999998
25,433,2898.2599999999998
258,2,590.0
165,17,356.97999999999996
24,46,1058.34
17,63,1766.72
6,382,9646.57
28,17,183.44
38,27,1445.0
252,9,151.5
57,41,674.68
183,17,307.9
10,98,1071.91
1,302,5704.97
98,10,165.0
0,254,2501.84
60,21,422.64
235,62,226.84
190,86,1431.78
178,58,1238.47
37,79,1454.58
200,15,300.95
45,109,1804.56
231,11,184.64
65,10,140.34
240,8,313.8
232,23,454.24
77,69,1122.41
57,34,575.4
16,422,8968.31
104,14,449.52
51,86,1215.82
135,50,1269.84
274,8,618.63
311,18,316.26000000000005
7,48,2044.8700000000001
10,35,653.33
282,19,348.05
17,42,1159.11
22,65,1166.77
287,52,1340.32
16,18,292.0
70,17,216.85
63,22,295.93
72,215,4393.63
315,26,458.52
2,162,2479.16
243,12,110.97
8,44,979.72
0,115,1791.56
260,15,251.21
126,10,205.1
73,4,152.20000000000002
72,59,891.12
20,44,1389.41
59,141,2128.42
85,36,627.16
77,8,122.75
58,93,3624.35
0,418,1071.73
29,5,125.80000000000001
32,172,3964.88
40,27,680.1800000000001
14,6,628.78
33,217,2242.36
78,15,307.76
204,22,483.8
33,66,210.31
182,75,269.09
1,296,5870.08
0,178,3444.39
42,25,1280.85
85,37,631.34
39,78,276.06
11,97,621.09
95,123,678.16
25,51,918.2
318,4,91.80000000000001
65,109,3740.07
73,135,4098.88
27,34,584.06
5,169,594.52
6,32,171.42000000000002
215,14,141.85999999999999
81,82,1799.33
83,49,777.53
143,81,1724.67
18,38,240.22
40,169,856.84
172,43,187.05
16,79,338.62
242,27,239.49
12,340,2088.94
205,33,1384.25
49,25,290.25
22,46,732.0699999999999
9,126,6717.34
24,83,1687.6000000000001
14,23,467.04
308,10,118.0
155,53,781.03
306,24,142.4
63,8,712.4
15,174,2478.95
14,21,379.65
10,87,1981.92
64,58,1117.13
35,16,247.95999999999998
107,127,2011.88
52,26,396.97
5,146,664.11
46,35,160.04
0,246,5149.92
311,19,219.52
44,99,693.32
64,23,428.89
25,27,164.34
28,40,276.75
39,97,675.51
11,215,1082.33
88,72,1154.4
23,195,1585.46
318,23,417.69
39,44,544.18
173,13,177.34
116,19,213.85
30,78,727.74
252,19,257.23
58,92,1638.47
22,59,7792.36
4,71,2031.78
99,11,3070.42
24,145,2118.93
32,186,1547.3600000000001
67,62,1071.03
36,63,949.12
51,99,804.3
15,8,122.64
73,40,1033.34
215,57,312.28
30,28,519.44
15,146,2624.26
119,5,252.1
9,78,1648.1200000000001
256,23,346.6
16,96,1836.34
34,6,94.2
45,63,1095.08
42,166,2707.33
113,56,932.97
164,49,379.65
10,16,382.14
9,108,2639.17
205,103,1563.0
85,52,881.26
178,13,189.47
59,12,84.65
148,83,299.05
2,463,6309.83
50,9,218.55
74,25,349.7
300,6,186.39000000000001
18,60,387.44
150,25,486.82000000000005
151,16,232.6
0,194,3719.12
17,57,827.83
186,3,59.5
285,29,65.13
2,39,3119.44
182,8,72.0
62,6,910.0
58,9,172.25
24,53,1488.32
3,568,65039.62
30,90,2504.13
38,12,151.29999999999998
154,14,308.58000000000004
25,194,2248.63
317,1,99.5
4,134,2308.06
7,28,711.86
302,20,330.79
266,48,806.41
270,49,285.33
3,335,6307.650000000001
31,8,180.48
218,13,252.06
246,10,228.84
280,104,1077.39
268,21,138.28
31,102,1445.01
245,12,306.55
14,60,1041.68
116,43,799.9
35,28,524.14
131,85,2375.41
216,6,199.85000000000002
49,104,1980.56
38,42,1079.6599999999999
28,20,333.48
36,63,1016.14
135,43,752.6
218,38,610.59
27,33,491.86
24,195,2883.54
4,190,729.8
199,30,339.59999999999997
17,3,216.9
240,23,350.75
71,34,668.4300000000001
16,313,3107.87
2,41,1341.6
94,63,1080.52
161,25,300.04
373,1,79.6
95,28,948.25
53,24,1647.26
287,9,296.25
123,75,1175.38
287,35,741.26
151,12,282.59999999999997
3,321,2108.06
1,142,5189.52
11,117,3190.55
32,25,659.4100000000001
53,57,286.79
49,70,1070.65
218,7,306.72
62,15,1714.96
70,207,1519.42
1,368,17220.36
1,135,2796.51
63,119,2634.45
33,173,1122.63
81,22,345.0
0,197,25977.16
102,9,178.7
6,57,360.01
250,17,127.84
12,113,908.86
9,31,2462.79
366,7,230.39999999999998
75,31,309.04
3,45,348.8
127,11,1516.0
65,13,195.55
0,349,37153.85
116,39,688.86
309,33,558.32
66,23,324.8
138,60,4599.42
254,17,277.07
30,135,2588.39
51,13,924.6
63,10,256.38
366,7,112.6
5,76,1747.66
304,12,155.05
28,35,1499.01
183,13,814.5
41,36,539.0
39,69,1366.8600000000001
91,57,1579.12
21,176,4027.36
23,28,571.6700000000001
28,24,382.98
301,36,1140.35
144,59,385.64
5,96,632.0
18,40,957.66
32,46,1698.94
175,10,189.5
57,92,409.8
21,15,209.49
15,72,2198.45
18,3,52.199999999999996
158,28,383.85
24,55,834.57
211,18,266.59000000000003
5,165,674.82
252,1,85.0
58,206,3385.62
10,20,361.62
64,9,312.98
24,55,865.0600000000001
91,5,1255.0
51,101,1537.95
128,93,1595.48
95,81,2651.46
56,23,1090.14
8,110,8109.5199999999995
168,14,388.5
56,11,216.17
325,28,201.16
0,76,1245.9
17,139,2209.36
247,20,305.78
57,30,501.56
73,7,145.67000000000002
30,60,1005.09
6,33,3192.54
122,304,3083.65
1,115,2770.94
22,336,6403.25
119,23,389.6
357,18,540.45
53,104,1786.79
63,7,122.7
85,3,117.24
54,35,1271.57
20,165,3219.77
3,178,17159.52
2,65,1191.13
10,142,2674.48
6,59,787.6
188,28,506.8
70,16,243.56
203,19,349.55
119,39,595.67
92,15,416.90000000000003
0,110,1883.8100000000002
26,27,632.97
297,21,821.1
23,27,564.62
27,118,2593.07
49,17,311.16
325,12,155.93
15,19,388.52
182,43,740.95
71,149,2867.2
36,26,332.64
79,122,2369.55
56,148,2580.91
11,33,626.45
49,18,272.04
49,30,1212.8400000000001
58,28,384.81
351,7,172.25
53,20,351.13
1,117,1838.8500000000001
92,41,678.25
22,11,223.85000000000002
74,21,348.99
10,27,464.57
168,9,842.65
57,17,337.34
95,58,1237.53
294,16,307.4
108,23,608.7900000000001
263,31,922.1
179,26,376.58
168,9,158.85
34,7,71.66
22,45,568.55
16,49,839.14
21,45,5112.96
78,11,561.5699999999999
64,5,90.6
360,3,102.0
2,160,2427.32
10,35,745.06
175,39,674.45
217,137,3251.071
6,20,3515.68
1,25,439.92
153,33,322.96
4,147,1019.27
78,90,594.04
20,12,230.22
21,11,169.55
307,35,664.54
145,2,80.7
6,619,9024.17
18,149,2758.26
70,15,190.25
286,11,264.7
48,28,413.59000000000003
30,329,2461.2400000000002
206,10,357.98
14,15,196.79000000000002
72,54,869.87
59,11,200.14
38,111,1871.81
29,107,2603.43
26,16,920.51
3,349,7060.13
16,13,320.46
19,234,4147.96
65,41,1266.08
212,16,311.3
11,82,852.88
29,5,76.8
42,121,3466.36
3,148,2274.14
14,86,1393.69
9,208,3901.81
210,15,635.66
45,39,2043.0800000000002
133,47,529.73
42,171,4582.64
9,84,2874.72
115,30,962.19
197,42,695.61
277,11,328.8
109,34,473.02
76,39,505.18
52,20,917.34
161,161,4341.21
46,66,1421.61
16,39,642.8
154,22,631.9
224,28,440.0
6,31,584.07
121,16,327.7
60,6,104.82
62,15,467.66
17,242,2358.84
6,250,17286.86
1,143,2975.59
21,86,648.89
28,66,1428.02
284,38,626.65
175,28,147.20000000000002
77,92,1560.38
32,6,152.2
40,229,3560.32
265,21,141.41
26,206,646.42
108,6,1659.75
283,14,154.99
8,32,1308.6100000000001
304,85,409.93
16,478,5578.72
31,54,746.36
0,210,15610.390000000001
19,56,225.36
123,4,260.25
64,6,92.46
105,10,725.6400000000001
0,1088,8152.71
23,283,6211.66
266,8,183.6
4,202,6140.42
9,111,10464.85
28,77,1334.34
266,7,152.55
63,52,374.7
319,24,265.85
3,323,1437.57
31,13,151.04
4,43,942.26
128,44,118.67
40,42,499.41999999999996
101,65,1049.37
124,12,375.1
32,4,45.599999999999994
301,150,921.62
364,29,182.25
3,177,1002.9
1,448,4421.29
2,68,191.47
9,589,50491.81
56,13,158.75
324,1,76.32000000000001
7,214,4076.91
11,100,433.86
3,5111,65164.79
36,21,147.35
15,250,3104.17
137,25,191.95000000000002
73,35,5976.79
4,58,1105.8799999999999
154,21,216.20999999999998
238,74,1266.23
51,123,2703.23
30,34,597.91
72,9,144.2
3,155,5683.15
13,10,692.85
22,160,2915.15
3,34,1840.42
273,15,386.53
19,72,1382.74
143,3,90.0
3,159,2780.15
83,5,419.58000000000004
10,166,2720.63
7,15,706.1300000000001
122,44,709.71
60,46,637.5
1,52,1123.8600000000001
318,66,480.91
1,200,3586.0299999999997
129,28,605.64
1,134,4690.31
1,46,965.8800000000001
45,26,415.82
3,66,935.05
2,40,915.13
372,22,311.81
133,7,115.8
46,11,3742.2
8,210,4191.0
77,5,483.4
233,3,157.2
220,28,446.62
35,26,658.64
74,49,621.29
238,52,1345.62
265,6,118.75
9,1395,117210.08
19,46,424.89000000000004
39,41,507.66
19,1175,4630.35
215,104,1097.6200000000001
173,25,289.36
86,52,2445.91
70,29,1631.77
275,24,120.44
38,50,562.59
97,58,363.79
10,29,450.84
32,26,134.46
59,149,3222.3
296,31,576.9000000000001
85,41,549.46
8,318,1600.26
40,157,701.57
10,240,4748.52
66,24,452.89
330,3,197.65
30,65,2054.36
1,265,4654.08
1,259,4684.76
67,42,853.39
4,579,11349.52
201,7,1012.0
106,6,335.52
17,39,701.4
217,2,185.39999999999998
59,37,747.44
1,39,150.61
16,24,466.7
238,20,328.15999999999997
94,10,151.74
10,87,2073.43
105,102,1905.8400000000001
52,112,2241.1
89,9,1070.48
30,67,1004.38
11,108,1789.72
2,59,1839.3
1,100,2004.98
42,12,169.48000000000002
3,7,89.94
246,21,632.4
41,193,3432.8
176,41,683.17
91,60,991.13
109,113,1009.73
28,66,2214.79
25,175,3350.96
51,40,1547.2
183,50,925.71
42,115,2048.07
48,35,1462.72
21,147,754.12
74,79,3144.86
80,15,490.86
372,9,161.0
325,8,146.85
42,112,2380.85
29,42,890.34
183,10,213.70000000000002
234,16,280.55
8,141,2588.77
219,108,1693.45
110,75,1474.06
277,20,136.76999999999998
317,8,302.58
6,111,1904.05
1,78,2879.7000000000003
259,53,969.0600000000001
63,106,3099.7200000000003
8,111,12669.98
141,5,120.0
50,52,1163.45
7,143,2618.23
154,17,333.97
108,31,530.18
162,55,1516.24
331,29,492.65000000000003
225,10,112.32
73,33,437.96
50,29,559.97
98,64,1119.74
14,222,4188.0
196,8,134.04
2,154,3701.44
30,32,595.25
20,27,1910.01
23,280,4628.75
7,9,176.63
212,16,426.6
8,47,911.26
10,101,2314.65
1,237,3883.25
7,100,4871.93
2,61,1046.56
39,5,166.20000000000002
17,62,1305.33
7,1637,51527.3
7,143,3965.62
18,3,43.2
116,13,640.14
222,17,383.45
70,105,1858.96
50,33,2093.32
88,180,2995.72
7,117,2352.53
242,20,310.26
46,87,1611.59
106,8,120.0
44,101,2481.13
64,24,508.58000000000004
206,31,477.79
10,123,1530.75
114,36,605.0600000000001
241,8,183.85
162,12,311.65
16,258,4975.24
123,28,462.65999999999997
22,25,840.21
67,15,415.2
16,162,2552.21
15,60,454.86
16,90,1614.91
160,31,588.22
242,14,309.52
218,6,134.7
44,128,2166.98
20,21,668.5600000000001
126,71,889.9300000000001
38,6,108.97999999999999
120,60,1021.58
259,18,409.57
9,31,133.5
273,18,282.93
164,1,51.0
156,47,1078.96
214,6,90.6
5,9,163.62
365,11,174.4
79,33,701.23
42,40,225.12
18,55,912.18
31,117,2118.03
21,37,151.5
108,69,3717.35
7,521,9227.82
319,8,155.0
294,4,100.5
357,4,76.55
184,66,235.56
190,11,617.05
43,46,348.1
51,56,202.68
25,126,615.49
37,59,1247.69
8,14,202.11
296,7,142.4
32,139,1727.6
9,186,3212.84
64,45,1043.46
9,284,4642.57
217,5,67.95
1,348,3479.91
64,73,487.99
2,87,2612.96
148,25,574.7
3,182,4051.48
129,20,1475.81
33,100,1449.32
118,8,156.75
106,73,2157.73
10,106,2599.03
70,54,2059.4500000000003
91,189,1100.27
310,14,1063.0
42,43,770.03
361,22,121.05
91,97,1496.98
0,579,5855.57
21,14,490.22
3,124,1937.25
10,202,1051.79
98,29,387.52
56,27,813.11
0,222,4263.64
217,3,265.2
17,1,322.08
23,224,4481.67
49,17,363.34000000000003
6,137,1224.06
302,17,470.36
9,377,2248.5
21,12,1372.8
98,9,89.06
365,5,63.0
305,9,131.9
319,32,2661.24
7,55,2357.6800000000003
0,51,1712.89
204,63,1589.82
53,93,1420.2
0,277,1010.35
18,70,1163.23
8,20,375.35
18,250,885.8
180,40,483.25
59,105,643.9
10,60,259.05
189,22,119.93
4,947,3017.28
310,4,113.64
154,37,1837.92
109,16,434.34
147,180,2103.06
65,233,1980.57
97,6,529.62
246,123,1038.44
28,72,2272.4
17,89,596.26
11,43,461.19
103,265,1852.67
73,7,234.34000000000003
45,29,547.66
71,42,925.85
256,17,193.0
19,10,1309.6
253,18,316.25
10,13,279.05
164,30,636.51
17,137,2022.81
281,9,137.1
49,14,321.92
38,46,162.8
26,140,1165.48
67,46,1064.28
206,30,463.38
174,17,340.93
6,120,2383.2400000000002
25,7,139.56
50,6,123.8
311,19,538.8100000000001
308,29,475.37
42,193,1957.32
25,190,808.44
87,7,356.85
183,10,251.21
19,608,2429.83
2,164,3543.26
46,107,673.26
16,785,5859.43
16,295,1960.65
23,95,1367.88
21,55,268.05
10,68,1314.81
187,23,275.28
100,12,455.59000000000003
60,69,990.2
17,98,2076.89
32,18,330.45
63,16,174.37
1,4,270.6
23,17,974.54
107,12,241.09
31,197,1843.83
19,282,4215.9
2,971,8507.13
36,18,364.21999999999997
59,213,578.61
25,213,2862.11
235,64,932.85
24,62,1949.72
2,508,4397.3
59,328,2854.84
259,18,170.95
57,10,355.56
64,19,388.25
15,32,537.48
9,71,952.66
58,105,1453.35
185,5,103.25
28,71,3599.73
23,111,2004.3
4,397,2573.93
3,355,3974.75
150,4,652.8
310,56,289.24
10,47,757.37
17,10,186.23
151,57,164.22
18,113,859.27
9,203,2279.4900000000002
56,19,312.54
84,16,788.38
6,74,2237.77
75,69,1080.76
3,419,5006.77
95,127,3099.12
110,4,1432.0
56,33,1530.3600000000001
0,12,227.39
280,29,218.06
2,262,2804.54
179,227,1639.82
371,1,35.400000000000006
12,123,859.71
2,24,168.63
16,17,138.6
40,6,114.11
5,302,986.96
168,98,1033.06
49,29,157.05
276,19,237.36
18,371,1580.29
371,3,39.75
14,176,1320.21
34,158,557.94
21,151,617.15
6,52,363.33
19,102,1740.6
10,47,866.24
43,50,221.97
305,25,393.33000000000004
10,7,213.96
274,2,660.0
0,2677,12076.15
15,81,16209.5
3,20,1785.15
71,4,601.56
242,3,406.08000000000004
8,16,553.44
245,20,394.44
205,26,412.78000000000003
0,92,1788.3600000000001
184,21,320.58000000000004
31,133,886.7
56,13,225.85
195,53,899.63
23,122,2791.27
90,24,671.96
3,150,955.26
50,41,1006.98
262,8,114.56
265,20,344.90000000000003
35,28,609.85
50,16,443.6
51,172,2984.49
23,105,2107.38
21,7,110.46
58,2,96.12
169,31,693.8100000000001
67,26,830.76
156,30,597.09
1,2076,280206.02
200,28,236.04000000000002
4,186,1402.59
66,101,653.75
76,29,114.18
0,234,1926.65
7,49,1932.23
168,80,291.05
17,126,848.22
4,29,247.15
8,253,2529.93
86,30,285.74
26,4,107.95
28,157,741.37
19,98,636.24
60,90,1835.7
23,14,195.25
10,567,9175.04
241,166,1259.24
279,123,392.86
234,61,765.55
2,74,1736.4
15,97,596.36
30,42,2548.2400000000002
24,258,28754.11
70,7,498.95
187,2,52.0
25,390,1201.51
106,15,628.38
7,324,5579.1
208,13,112.8
43,48,355.05
30,71,2114.33
136,68,591.55
264,8,172.9
3,130,2078.95
217,22,188.60999999999999
1,200,1217.27
213,8,109.13000000000001
31,112,2195.1
10,327,2526.09
0,342,3251.79
14,22,318.17
10,393,1493.96
198,1,179.0
2,28,1126.37
14,196,4921.04
13,136,599.48
9,345,2839.62
28,25,917.07
8,338,2662.2
23,10,160.19
24,71,867.38
42,51,307.51
1,235,1581.84
5,37,663.81
146,28,180.42000000000002
9,259,1122.3600000000001
24,47,655.58
273,10,268.58
373,71,313.49
0,462,1897.57
46,45,380.02
7,147,2702.4900000000002
15,202,9585.91
3,194,6065.69
3,17,1164.55
42,54,1314.45
3,60,3902.28
196,89,1448.21
11,59,1400.34
15,26,1099.98
112,69,1220.26
248,18,328.2
28,89,1415.75
43,5,389.64
86,30,563.15
44,41,638.05
9,235,5010.28
14,38,738.96
74,19,420.5
144,71,1484.06
4,102,1625.97
296,5,89.2
58,11,255.9
263,21,300.52
46,6,278.3
28,39,254.11
7,135,2473.37
16,5,192.60000000000002
2,1062,10416.98
231,52,876.42
111,9,139.26
57,60,1011.9
50,117,2538.3
126,35,730.86
280,41,386.15
54,27,447.68
319,6,200.10000000000002
25,15,289.99
9,3,77.4
6,30,679.4399999999999
28,6,197.64
16,46,745.06
63,2,6.2
20,14,228.99
2,80,1319.91
165,6,131.45000000000002
0,1132,7975.49
52,12,173.74
50,13,157.7
47,383,4331.79
60,57,189.34
161,44,845.55
8,12,353.27
14,46,546.4
74,11,193.39000000000001
39,231,2718.6
40,254,2085.33
369,29,152.88
36,53,778.5
196,4,271.85
199,63,1110.34
73,48,657.8
63,13,272.07
20,29,507.29
366,2,48.800000000000004
179,70,321.43
9,29,1127.71
3,120,2221.01
196,17,2139.76
28,42,697.55
52,39,188.88
17,67,1720.3
9,6,102.44999999999999
89,108,1649.5
267,4,62.85
52,138,3295.76
43,145,2824.69
63,130,3189.81
148,13,309.4
21,388,7930.54
311,21,325.75
22,28,511.35
57,143,2836.69
23,9,475.8
77,126,2740.03
118,20,645.65
35,65,1290.53
59,60,1173.12
12,58,1353.74
18,11,170.32
51,6,125.79
25,48,841.1999999999999
28,11,266.76
6,4,52.2
10,99,14389.9
185,36,710.28
2,144,2953.59
8,70,721.45
261,13,327.25
2,93,501.28000000000003
209,28,519.68
107,47,1465.3200000000002
12,122,1476.09
76,46,690.59
19,17,255.4
26,11,589.7
18,53,761.59
131,15,765.3199999999999
252,18,364.8
78,6,1862.0
206,20,369.2
335,10,135.9
253,7,125.65
147,33,554.38
9,73,1237.8500000000001
84,23,655.75
7,498,11138.710000000001
204,43,468.77000000000004
7,55,1366.38
22,109,1269.31
10,96,1421.29
25,20,332.66
20,350,2795.33
1,69,1025.44
157,17,616.15
2,165,3501.1
73,9,277.8
2,30,434.35
0,5670,143711.17
16,27,867.85
35,87,1227.43
90,12,307.48
70,77,1268.98
115,45,1610.15
212,57,977.77
29,78,1316.07
50,44,749.1
245,10,310.05
31,11,223.88
108,127,2362.96
4,41,1257.68
365,17,363.53
81,87,1890.94
296,10,1784.71
33,364,8137.02
56,34,1621.88
29,170,5900.25
13,3,100.9
71,14,290.82
22,63,1101.97
18,19,371.2
78,20,311.69
59,138,8099.49
24,54,285.67
11,77,294.85
252,12,58.49
146,41,483.72999999999996
63,59,695.42
7,27,221.27
10,312,7044.68
270,5,126.7
9,192,1472.34
246,13,206.21
95,81,596.09
14,36,183.02
49,6,463.8
29,37,147.59
67,34,1592.06
34,155,1097.98
127,18,114.77
106,32,1314.45
36,17,89.94
56,11,279.94
56,72,790.86
71,214,1921.3700000000001
245,8,102.12
18,39,202.37
197,83,292.01
15,4,326.4
211,40,334.54
38,60,231.98000000000002
45,26,546.1999999999999
169,74,414.87
47,77,490.52
115,115,1641.76
146,154,1220.77
15,1112,6295.37
50,132,480.38
158,12,156.91
11,180,1259.43
35,20,308.94
53,122,405.04
42,33,257.67
172,20,170.04
33,20,125.58
38,31,496.21000000000004
266,66,252.81
8,444,1871.77
11,121,852.39
2,553,6720.41
9,152,1636.43
32,67,361.96
79,61,469.0
30,35,1066.1499999999999
7,48,627.13
71,7,518.28
3,110,653.19
255,52,4959.1
4,501,2557.18
15,390,4274.16
89,27,252.73000000000002
71,119,429.56
58,125,685.74
9,1477,19766.59
169,66,179.93
198,5,135.93
30,3,537.0
18,444,7634.7300000000005
151,12,735.66
8,201,5090.42
269,22,343.62
64,94,381.0
273,3,121.17000000000002
24,76,1737.69
22,142,1383.3600000000001
318,28,207.73000000000002
4,69,693.95
11,114,302.1
274,25,1489.5
24,266,2102.54
40,237,1337.72
7,115,294.25
3,403,54534.14
70,57,987.86
212,5,370.79999999999995
37,155,3158.13
52,42,893.59
77,82,1744.76
45,104,553.36
178,70,1109.53
372,1,106.2
93,26,982.07
9,54,1043.41
104,41,735.67
77,27,773.03
172,49,880.85
6,440,9743.11
212,47,895.61
21,33,504.8
256,5,88.2
281,15,306.94
20,57,1160.07
9,145,2420.84
307,23,381.32
67,30,480.71
214,26,457.81
17,108,4597.02
103,47,1370.6
42,11,219.39000000000001
3,25,248.08
181,3,39916.5
83,23,410.48
333,3,876.0
8,8,317.53
30,35,703.36
196,67,993.54
17,101,2298.93
17,100,1422.52
310,16,319.5
141,60,1300.25
245,28,484.95
23,35,996.1
28,84,1567.48
9,97,3509.43
29,197,2760.56
17,21,340.11
17,45,1352.75
14,79,1551.78
133,1,244.8
245,14,266.4
133,21,358.82
49,28,457.72
113,82,1633.78
6,106,2199.31
22,15,184.19
24,127,11528.48
65,16,406.53
59,102,1471.0
49,84,3447.4
169,22,330.11
17,52,977.9300000000001
127,29,982.42
14,73,1387.99
238,9,139.05
2,68,1286.7
239,13,178.96
51,80,2354.25
45,26,498.74
225,14,259.45
7,217,6580.44
3,67,1194.73
164,91,1327.16
239,28,623.5
10,20,301.29
133,23,520.8000000000001
16,341,5291.33
9,271,4745.69
30,22,329.25
74,71,254.28
0,55,961.49
3,125,1936.07
44,7,401.40000000000003
1,710,18641.010000000002
356,4,158.16
17,29,304.47
68,101,824.58
372,27,487.75
320,39,158.8
25,5,106.56
330,5,1289.5
8,110,1624.05
322,11,135.75
71,23,224.14
259,3,40.5
17,93,2206.95
366,6,87.5
65,16,689.4799999999999
153,29,622.85
28,62,402.2
69,21,310.62
13,19,411.41
1,91,4777.18
0,212,16225.39
119,51,1044.32
60,19,499.32
2,310,7616.53
2,1,3861.0
10,32,1079.6100000000001
91,10,193.64
58,13,1268.7
86,69,1236.54
25,142,1827.8
356,9,316.58
84,37,653.24
9,9,420.29999999999995
0,42,870.12
224,20,331.18
59,52,894.4100000000001
240,5,101.8
318,24,328.35
1,110,1661.44
46,35,734.94
87,2,96.6
10,166,5756.89
175,9,305.75
51,117,1778.96
365,5,403.25
318,5,585.0
225,20,755.75
357,14,322.08
233,23,409.40000000000003
310,8,154.41
36,58,1219.4
65,125,3386.71
238,23,429.6
112,31,612.06
276,14,197.0
217,143,2247.51
298,15,321.05
1,99,1412.32
28,50,1071.99
9,49,780.59
44,78,1706.57
66,110,1756.44
73,22,316.68
64,34,631.57
133,89,2515.84
237,33,514.15
121,6,356.0
31,350,6688.46
8,111,10484.99
35,44,740.78
15,53,918.1999999999999
126,18,300.36
66,47,890.85
148,6,98.45
282,7,317.15
168,34,623.16
99,77,1810.77
134,19,254.82
323,10,178.95000000000002
106,12,156.51
63,23,393.74
150,82,1506.1200000000001
337,6,119.3
21,11,1717.36
23,2,408.8
15,41,2379.49
6,264,2493.34
56,63,721.94
3,47,716.57
37,41,615.14
65,49,128.63
46,12,255.89999999999998
354,19,290.51
171,16,113.12
58,139,2332.15
49,3,240.55
21,20,486.69
42,88,2306.52
28,58,939.78
4,204,7943.22
25,103,4668.3
200,24,178.39
50,194,3672.86
9,39,641.94
1,192,4799.9
66,7,4507.01
63,28,496.44
50,242,5049.95
289,31,574.02
60,23,694.4000000000001
63,58,1174.35
95,12,205.3
273,19,310.47
0,2366,60632.75
74,47,924.85
109,1,52.0
198,24,327.97
63,37,570.5
326,1,165.0
3,33,312.62
283,16,204.5
43,36,267.13
70,95,2748.31
85,42,679.68
103,48,161.74
333,29,311.71
52,10,208.75
38,57,1049.7
31,13,714.96
365,35,1661.06
207,16,1028.56
156,98,350.82
53,35,170.22
65,86,574.07
80,17,2020.52
129,24,406.09
86,21,364.5
0,26,563.94
45,20,393.54
332,17,252.42000000000002
365,5,201.60000000000002
71,9,158.04
157,71,463.90999999999997
372,5,115.65
11,219,1934.66
254,61,770.12
28,14,277.05
30,499,2718.03
4,551,8347.2
39,13,427.93
361,7,418.92
372,16,326.0
95,29,913.19
25,114,2314.32
74,44,602.51
56,95,1877.59
20,4,446.94000000000005
40,94,2386.05
136,27,2007.3999999999999
7,132,2415.91
128,3,168.0
39,116,1221.56
168,194,3703.29
8,36,1690.2600000000002
213,8,596.85
14,302,5955.71
169,41,642.41
39,12,316.88
185,31,394.14
269,10,140.54
171,1,500.0
4,84,1535.53
15,12,231.86
9,85,2183.54
325,7,107.45
112,14,288.18
289,6,94.0
15,73,1345.53
0,50,815.77
91,12,716.2
148,42,626.77
188,8,349.1
30,53,510.71000000000004
33,148,1046.74
263,34,267.18
83,122,3450.84
25,98,1348.93
170,10,190.53
9,39,774.9000000000001
312,47,559.61
64,192,3984.32
84,28,508.8
24,8,135.86
58,53,950.36
322,6,97.7
37,2,43.5
253,17,383.34
18,275,1404.07
32,292,1430.54
14,6,93.78
26,82,397.35
22,10,171.19
213,41,533.3
7,55,1041.48
21,29,149.29
11,291,1067.75
261,45,200.16
130,25,156.57999999999998
54,62,383.68
248,2,594.0
1,372,3213.59
8,214,1411.21
263,5,113.5
330,9,155.17
312,28,494.64
25,60,974.52
29,30,429.84
29,56,528.48
1,279,1371.77
361,25,179.1
282,58,434.59000000000003
261,58,237.07
24,7,161.64
353,56,214.26
93,11,234.6
28,7,126.14
337,155,1044.65
19,97,7354.62
84,57,334.53
8,52,524.88
50,24,467.51
49,24,538.55
1,73,454.48
112,76,371.56
13,11,1771.2
76,29,454.10999999999996
39,44,1399.92
115,45,905.5
15,97,10879.76
160,84,225.26
0,187,3590.41
29,85,2564.5
92,2,91.32000000000001
22,50,1134.28
94,154,3100.09
27,35,659.4599999999999
32,289,1953.41
20,122,1280.58
17,15,1262.2
2,512,13316.4
7,68,1131.56
15,213,10384.93
362,66,141.04
80,13,52.83
52,97,3610.96
22,161,972.08
171,45,475.86
188,92,1000.27
330,1,250.0
11,158,900.53
155,7,121.0
32,308,14758.220000000001
11,166,4023.7200000000003
44,15,62.43
232,27,267.03
63,210,1921.55
1,18,343.5
39,185,3000.2
32,56,397.99
83,10,412.01000000000005
24,1,440.0
1,156,734.37
32,4,148.44
18,162,2428.53
253,26,229.33
22,662,3962.6
21,107,1497.31
7,219,1972.39
24,251,1564.73
18,83,807.57
172,72,502.9
162,24,110.92
6,41,538.46
10,15,213.3
113,29,85.13000000000001
287,28,127.86
8,259,3546.71
53,80,288.96999999999997
6,695,4910.6
76,114,1681.46
3,61,575.63
36,29,436.06
216,17,90.12
59,55,428.93
277,14,217.2
11,887,4794.86
23,31,279.77
28,19,468.91
11,27,800.59
351,1,134.55
21,113,1400.44
49,8,173.16
18,7,186.01
2,53,758.29
103,31,1375.71
6,319,4148.82
11,57,650.4300000000001
4,212,2533.42
31,97,591.1899999999999
177,152,675.64
37,43,921.37
150,39,258.88
161,13,127.1
68,48,327.6
120,146,3675.77
24,44,682.9100000000001
23,122,720.86
176,31,455.3
49,9,913.6800000000001
255,29,478.53000000000003
46,24,388.58
70,5,199.8
15,103,1771.78
100,77,1406.59
34,22,324.57
52,14,240.68
26,52,761.74
10,410,6776.56
7,46,1297.8700000000001
78,2,48.480000000000004
51,17,216.39
35,67,1198.23
60,77,2920.16
336,13,104.76
27,60,1093.68
183,16,298.48
51,6,112.46000000000001
9,43,1591.45
35,6,195.15
9,423,10399.74
32,45,776.851
10,3,336.40000000000003
56,100,1553.18
3,16,1293.03
42,185,3709.56
140,19,301.03
116,34,588.13
103,64,1534.26
74,49,675.8
4,155,2870.2400000000002
44,60,1186.35
15,167,3285.31
16,15,243.55
89,25,724.76
52,15,223.36
133,25,425.32
3,476,12416.11
104,119,1887.2
191,33,664.0
165,232,803.54
18,52,612.01
157,35,447.64000000000004
203,24,639.5
335,2,816.0
36,32,646.3
90,21,337.74
92,6,877.4399999999999
8,21,922.53
242,34,560.67
44,47,748.5
22,1,30.0
189,48,1024.1000000000001
43,11,306.45
24,90,1600.86
316,5,309.8
105,9,138.14
50,17,386.43
167,115,2222.21
39,13,301.32
217,1,76.32000000000001
39,33,684.34
296,12,173.05
18,78,2657.13
87,138,2726.23
72,114,2446.6
80,21,323.69
18,202,3435.76
48,33,657.23
52,12,352.7
23,110,781.28
8,78,1333.68
24,53,1426.16
116,10,193.75
8,166,2993.1
119,9,254.1
3,19,239.76
251,2,136.8
27,12,191.04
0,78,6479.4
266,22,409.98
32,168,2711.11
17,18,309.65
171,86,696.68
1,230,1529.0
264,5,211.5
139,117,2293.62
200,6,143.1
63,55,1060.56
34,205,916.98
40,273,3235.25
283,6,133.25
8,53,1072.3600000000001
142,19,356.7
11,34,330.03000000000003
145,117,1101.1100000000001
233,7,150.3
32,931,5030.07
23,128,598.73
11,84,471.40000000000003
35,67,2211.21
364,38,190.7
200,11,218.25
14,32,415.25
16,301,5159.06
212,5,85.0
65,70,1120.88
211,14,294.12
282,10,162.3
114,26,1339.45
14,71,1188.1200000000001
18,173,4812.42
65,8,449.12
48,9,154.88
15,86,775.96
77,3,34.8
18,62,1094.59
133,28,196.88
12,90,946.64
39,20,144.36
234,10,44534.3
2,291,2463.05
39,405,2626.6
304,1,79.2
50,28,458.57
9,141,2364.25
60,191,528.01
65,45,714.42
24,9,205.25
217,7,253.04
64,37,583.75
31,61,1086.92
87,180,3279.97
63,11,315.06
115,27,621.8299999999999
6,130,56252.72
5,10,635.6800000000001
68,25,270.8
244,7,104.9
132,18,241.62
240,21,1047.11
183,29,475.28000000000003
24,20,345.46
9,43,2614.7400000000002
10,14,246.3
32,83,2328.9700000000003
45,266,4919.0
25,200,933.26
357,25,351.3
9,34,218.75
43,75,1612.69
14,12,965.61
149,42,610.01
0,132,2708.61
112,8,2207.4
75,98,884.14
106,117,696.89
45,64,1063.95
142,1,451.42
50,8,415.82000000000005
0,262,4206.39
22,299,5488.18
45,31,784.58
49,48,903.9
305,195,3651.27
35,35,515.77
78,89,1391.98
21,133,2218.62
106,41,1801.14
207,40,1303.9099999999999
16,72,1945.33
63,49,2100.6
48,123,1905.45
319,17,206.98
43,62,570.96
2,33,885.47
371,1,15.0
171,20,532.94
55,68,1654.31
72,115,1836.0900000000001
98,51,636.14
37,39,576.0
57,66,794.64
253,54,836.79
69,269,2225.15
43,50,954.09
49,10,137.37
64,24,391.98
10,167,33643.08
32,62,1048.49
58,27,355.56
72,47,1224.06
303,8,118.95000000000002
45,11,130.73999999999998
17,138,3711.77
37,22,389.27
18,93,234.88
186,22,160.71
51,30,110.8
3,138,2969.12
136,80,712.24
3,628,16143.64
18,14,297.0
15,188,1427.57
40,139,965.16
11,540,3146.92
7,147,832.88
25,18,68.84
21,20,1936.3200000000002
40,40,895.13
100,43,211.89
4,459,3810.14
276,15,149.64
32,74,351.44
14,108,316.25
63,120,4405.88
1,126,490.33
368,96,329.03000000000003
311,29,501.39000000000004
198,23,516.36
1,49,396.48
92,18,379.35
59,12,181.09
80,12,168.31
156,85,420.07
226,60,511.68
252,37,258.25
149,11,179.17
193,22,208.59
0,84,1383.83
368,4,56.25
23,47,337.28
16,111,351.73
9,74,5126.76
7,30,164.68
19,150,1567.69
3,226,882.72
173,7,191.94
0,266,1228.88
177,19,264.62
15,151,1502.8600000000001
247,12,123.1
190,40,334.23
19,122,525.69
153,60,167.5
172,24,323.03000000000003
372,11,369.5
372,21,127.08
193,12,207.15
66,21,426.63
3,115,2495.87
20,74,1107.46
238,12,416.86
63,7,145.35
111,18,404.58
89,76,6115.01
310,1,35.8
133,14,337.44
276,6,325.1
364,2,181.0
82,29,1708.24
7,60,955.24
16,19,364.72
31,97,1744.71
8,41,708.22
33,84,781.91
14,97,1657.28
23,183,4416.26
31,42,428.89
73,7,104.35
19,28,470.76
16,111,808.87
22,80,397.68
2,20,666.1
303,11,314.1
17,35,4199.85
366,4,307.82000000000005
38,176,3442.15
83,24,371.01
164,96,427.64
16,65,1054.73
76,49,1098.78
88,43,2398.86
24,97,3408.48
21,112,1465.12
2,258,2780.63
122,37,1142.42
29,14,168.12
11,128,1432.77
18,26,156.78
43,52,792.11
3,3,41.989999999999995
8,543,2777.67
54,32,414.27
87,127,1032.58
36,504,3080.22
2,9,12393.7
29,103,2735.37
11,201,578.71
210,8,101.4
47,381,1693.81
23,33,478.78
21,82,972.11
245,79,392.4
7,210,3352.96
34,94,1415.29
3,139,37130.6
37,138,646.83
3,181,704.55
2,224,1465.51
46,32,211.88
38,28,408.90000000000003
46,160,3786.2400000000002
16,46,851.01
259,71,602.63
45,101,719.81
11,63,251.03
29,28,439.65999999999997
42,32,236.09
91,16,934.62
38,241,80850.84
309,29,331.24
91,98,547.9
5,1128,8778.82
195,22,437.7
86,55,758.92
269,39,855.02
7,26,471.78000000000003
64,65,1313.55
30,6,3166.4
21,70,1177.47
37,39,773.99
119,83,1340.7
372,8,256.44
39,299,1074.81
173,10,137.9
53,34,362.06
32,84,1511.95
144,70,783.9
220,8,134.8
44,66,650.75
15,121,2263.12
65,178,1453.16
9,64,1153.62
259,23,335.32
364,73,367.14
16,101,1521.04
21,33,852.15
44,21,326.24
287,23,584.3199999999999
296,1,122.39999999999999
2,129,2234.73
283,1,79.2
16,21,1352.0
81,10,217.16
55,223,2799.42
100,31,1317.62
298,38,436.18
22,167,981.51
58,39,1121.39
154,18,315.06
114,51,817.86
106,1,17.0
11,63,1078.23
263,12,320.62
239,10,185.04999999999998
87,67,2005.63
49,39,731.9
70,76,1290.7
41,57,1842.14
6,48,1429.64
61,28,298.21
248,13,336.96
65,6,108.38
17,31,3204.1600000000003
84,48,842.5
218,18,611.88
44,342,1320.95
142,16,195.73999999999998
182,30,161.38
170,8,135.75000000000003
9,279,1660.8799999999999
211,34,612.78
189,30,232.21
7,16,423.36
58,30,1309.14
56,204,854.66
72,38,684.4200000000001
51,16,307.78
316,11,249.0
366,13,289.35
28,117,6287.77
38,40,656.25
17,89,1880.22
51,78,3506.54
3,338,14589.04
21,35,618.09
262,21,517.55
59,37,709.38
18,31,635.41
65,35,725.18
87,30,620.4
249,37,535.34
2,117,2424.94
246,1,175.2
8,224,3799.4900000000002
156,29,734.13
133,22,375.0
295,1,76.32000000000001
4,18,280.52
42,117,2053.02
268,29,1829.04
49,89,1824.23
8,128,3092.04
15,18,656.69
281,14,348.2
64,20,1025.44
1,471,5533.67
251,2,37.4
231,6,856.6
16,34,822.48
10,98,3787.6
7,85,1822.97
50,125,1885.05
58,3,73.2
94,69,1140.21
15,84,1418.32
125,23,1009.5500000000001
93,58,1037.59
49,15,331.95
137,8,197.9
60,11,215.83
99,162,10254.18
72,11,305.54
71,28,6617.65
66,15,338.71000000000004
63,45,1158.79
16,31,529.41
22,218,4006.94
31,295,6911.4400000000005
44,67,981.86
15,11,215.48
39,6,215.08
2,134,5180.52
236,19,314.45
74,15,400.68100000000004
3,172,1068.8700000000001
2,111,1863.47
360,18,365.27
58,35,592.9
22,50,384.18
30,97,757.63
54,63,537.0600000000001
24,19,394.38
44,66,664.26
88,46,2262.62
1,123,21086.3
88,23,547.02
18,41,690.34
78,6,159.0
170,44,1062.75
80,14,242.35
266,37,914.9300000000001
234,15,304.25
29,84,3084.68
36,95,860.86
317,122,773.5500000000001
56,96,1295.3
44,134,1096.32
202,8,255.12
224,6,314.22
86,47,1010.6
189,35,542.03
43,37,990.88
70,22,536.6800000000001
40,46,867.31
77,20,432.2
56,19,414.2
23,135,3718.8
9,655,2590.31
7,292,3579.86
33,51,409.1
211,91,1522.75
23,90,1413.66
169,16,114.56
61,7,152.94
52,69,1800.07
260,24,389.44
66,123,3683.86
16,270,2619.91
266,13,752.4300000000001
176,2,46.95
44,135,5203.51
50,18,1035.45
16,119,728.54
8,258,5447.0
73,61,861.89
70,45,667.65
352,54,1141.24
2,130,1404.64
116,25,411.7
372,65,351.75
196,33,559.87
176,6,810.6000000000001
99,23,566.38
20,106,1502.78
71,17,2062.06
339,11,168.3
5,166,1570.81
30,103,812.68
169,8,142.5
121,17,302.25
21,118,2248.9900000000002
9,79,1328.55
268,20,301.9
22,27,598.2
126,11,233.22
25,162,5360.63
138,22,361.21999999999997
213,41,632.27
37,4,2560.0
105,42,706.57
17,37,616.26
2,16,274.15000000000003
330,14,226.37
63,151,2938.91
119,69,1341.65
34,19,328.15
217,3,404.40000000000003
171,56,1038.46
71,12,373.65000000000003
0,37,326.75
195,1,207.50000000000003
127,111,408.59000000000003
46,18,594.24
5,300,3039.2200000000003
13,317,3820.27
17,39,251.91
27,151,1582.8
7,45,26626.8
36,10,151.05
156,11,214.79999999999998
283,18,94.05
106,141,534.31
24,77,1971.87
74,15,322.41
15,43,328.58
157,2,101.10000000000001
43,37,565.46
10,85,847.45
31,222,1415.65
290,9,53.5
20,57,1116.47
332,8,153.9
17,28,494.44
3,94,6675.71
62,39,395.8
197,31,211.77
32,34,658.88
0,109,2027.5
6,66,1750.92
4,636,3450.41
9,104,891.21
31,77,709.99
52,5,109.36000000000001
11,52,705.79
17,51,1540.42
18,18,327.3
36,127,800.67
1,69,479.91
17,117,1545.41
81,221,1301.91
32,92,355.73
65,109,466.73
8,122,974.96
266,5,676.2
246,23,362.95
3,108,2157.4
60,31,1743.1499999999999
74,98,643.76
89,33,584.5
59,57,554.86
28,81,302.57
322,4,94.36
52,34,1382.07
269,43,217.89
1,327,3040.96
56,83,1555.34
60,206,1482.06
153,82,1705.8
18,72,408.02
94,29,303.93
0,186,4098.32
264,57,293.45
311,10,177.5
69,23,443.05
301,5,167.25
18,58,154.35
12,168,2079.68
35,231,2022.98
18,44,211.7
53,30,135.99
56,31,262.2
21,7,126.25
43,47,200.27
26,71,1051.4
44,95,631.12
112,50,958.71
16,369,34684.4
24,18,346.12
190,5,133.56
301,21,302.7
1,353,1863.76
262,9,241.06
105,2,284.55
56,6,300.85
212,76,623.28
63,8,287.4
27,17,184.26
28,107,1511.8
5,132,798.35
7,282,3640.67
66,24,381.2
1,171,609.3
45,84,654.67
33,63,230.51
0,3,168472.5
135,34,255.91
197,19,182.99
197,40,707.69
149,11,311.92
87,14,266.97
44,2,6.9
63,99,1841.18
98,110,2158.18
217,9,208.36
2,202,3482.7400000000002
27,132,811.23
177,32,142.92
73,3,136.0
20,82,1422.4
19,230,1298.66
33,146,1595.96
73,2,74.9
23,171,625.42
51,164,752.77
274,13,223.95000000000002
164,18,316.11
6,337,1810.65
87,28,544.3
63,146,2494.46
24,17,331.0
9,35,300.83
75,53,769.29
15,18,220.62
191,19,139.35
173,25,404.3
76,42,363.65
32,29,498.8
46,39,731.5
79,56,1351.63
296,50,826.53
2,88,648.26
8,95,1599.52
49,136,2965.69
160,15,100.97
359,19,365.45
4,11,400.86
106,84,1431.93
24,83,465.88
31,4,777.6
19,3,90.30000000000001
296,13,363.7
371,13,248.1
21,159,918.33
4,35,874.59
51,111,1624.14
29,6,101.69999999999999
276,17,162.7
60,40,484.32
24,13,215.07999999999998
185,156,1046.57
1,290,9418.470000000001
1,183,13027.45
171,15,290.36
80,14,228.06
3,17,244.41
189,30,455.25
21,77,1244.59
17,4,6748.8
18,176,1082.81
4,31,593.75
109,54,548.12
2,45,1388.81
53,5,119.62
164,3,339.3
290,25,787.15
9,925,4034.9
108,251,2298.97
95,32,922.12
242,17,379.73
162,84,5719.82
41,52,837.1
34,17,285.89
66,207,3313.79
23,11,281.85
0,460,8338.49
26,56,841.41
5,31,511.12
53,19,1077.74
363,3,173.7
14,18,614.66
193,35,865.6
2,5,124.2
14,126,3738.4
26,87,1421.69
126,57,1009.6
84,42,663.61
70,28,451.44
182,9,105.84
112,6,313.62
373,14,233.45
79,28,936.08
248,8,463.95
231,13,225.15
70,33,459.24
68,10,213.5
3,216,4113.68
50,27,330.03
74,53,181.09
60,85,360.16
15,12,250.15
3,7,90.04
285,10,145.04999999999998
3,62,813.52
40,30,242.7
35,29,528.08
74,34,482.47
17,172,3347.71
14,276,5493.46
218,6,75.66
185,10,129.49
32,66,1187.66
69,30,618.59
182,26,506.19
14,33,500.42
235,5,151.85
30,96,2647.59
263,14,226.21
3,9,178.96
51,29,813.48
245,5,129.45
80,48,810.5699999999999
274,23,333.08
0,179,4413.1
78,20,322.8
29,117,2188.05
73,60,408.63
16,152,2883.1
222,9,217.9
31,69,1154.47
22,94,1680.72
30,50,1257.51
105,12,231.10000000000002
4,34,688.33
245,27,487.51
177,62,833.78
169,14,214.06
42,19,290.65999999999997
71,24,518.42
58,118,6773.97
15,69,1212.66
140,29,601.27
17,258,3789.52
21,73,8625.8
9,192,874.43
367,8,123.24
188,2,39.12
15,16,1267.6499999999999
361,9,135.39999999999998
18,32,118.98
67,52,567.1800000000001
14,20,306.71999999999997
23,156,1348.88
16,252,4095.9
27,6,1692.27
1,114,8134.9400000000005
54,93,304.24
33,89,1592.1200000000001
2,163,3109.99
365,3,129.75
42,10,183.7
72,44,1770.34
4,30,1028.0
3,277,66653.56
60,62,324.24
46,544,2959.88
0,62,1260.86
75,13,422.59999999999997
71,12,225.57999999999998
255,3,1276.0
68,59,477.86
134,10,657.9000000000001
240,21,112.75
226,5,1998.0
8,308,5076.55
8,144,5398.3
0,270,14034.99
36,123,531.35
45,27,656.63
84,79,3029.87
18,394,2467.99
2,22,1651.03
8,438,3611.31
18,619,6910.78
218,87,1129.06
77,19,301.71999999999997
266,2,901.2
23,198,3843.08
368,44,606.0500000000001
14,196,1770.22
25,25,152.95
261,37,292.47
16,225,4730.81
90,42,576.4
301,145,758.27
25,178,1358.74
363,44,256.32
45,263,1048.28
37,656,7205.33
51,82,743.11
31,28,603.75
51,52,646.76
78,116,2247.41
52,1,417.59999999999997
297,1,3.75
176,13,323.0
46,1,464.9
28,190,2213.13
10,236,1291.91
86,355,7180.7
4,444,6680.11
37,42,836.06
17,69,1515.9
44,95,623.93
30,25,1764.72
372,9,207.5
57,34,223.92000000000002
371,2,2002.4
113,165,1475.43
214,13,239.4
318,7,106.83000000000001
64,22,369.34000000000003
7,42,789.79
96,13,316.62
19,63,1207.24
198,23,611.85
3,700,2790.9500000000003
293,1,34.0
272,34,1145.6
30,221,5575.56
47,54,478.09000000000003
259,38,361.54
57,140,757.1
32,254,2242.61
56,26,171.59
67,48,661.52
9,157,1691.51
59,71,371.54
79,48,222.62
73,16,245.94
1,331,10611.720000000001
99,59,422.24
371,17,311.25
9,183,2267.9500000000003
19,3,107.6
122,148,594.39
7,5,80.8
3,93,1545.6200000000001
28,314,1705.78
281,12,110.38000000000001
56,16,243.84
0,278,1196.5
364,66,414.88
88,18,305.62
10,156,1162.65
162,75,1594.23
64,24,332.3
22,60,536.99
173,98,460.59
102,93,762.16
142,67,1121.59
98,23,288.42
22,149,914.69
191,15,309.54
4,28,547.07
360,15,479.35
7,426,1652.18
13,319,6416.7
102,28,417.06
2,86,1604.75
10,188,3349.57
95,26,497.61
226,38,358.38
15,26,460.64
38,28,775.1800000000001
50,22,341.7
92,8,128.5
156,11,197.22
38,23,325.91
183,12,199.15
0,47,1106.53
227,24,413.46
127,10,180.85
39,11,251.87
30,165,3170.98
196,25,588.85
8,266,16594.35
36,116,1869.82
100,63,1264.19
42,378,10196.57
49,11,214.32
42,12,193.44
52,14,281.42
186,8,124.57
333,19,332.41
3,20,342.45
9,9,144.91000000000003
23,19,328.4
14,2,35.400000000000006
368,10,375.69000000000005
144,52,747.81
59,6,173.76
30,26,502.8
140,11,207.73999999999998
22,127,817.12
21,137,2812.34
76,7,680.02
4,279,7123.62
66,112,2095.53
11,156,846.62
83,3,13.3
30,174,1491.43
66,1,432.0
66,39,705.12
186,37,272.48
37,26,429.84000000000003
14,96,450.41
34,36,192.32999999999998
194,135,1578.67
1,186,742.43
0,97,518.19
366,45,145.93
64,62,202.27
298,37,289.78
25,157,501.03
7,123,1271.06
16,79,887.11
115,44,1706.88
28,56,363.2
3,665,3653.75
4,199,3037.6
81,86,559.59
28,140,928.76
71,18,379.14
3,545,1508.96
28,100,2555.58
289,8,113.44
35,30,183.76
8,57,621.6800000000001
23,136,562.41
276,9,391.52
49,128,1068.82
155,326,2592.25
60,55,154.18
11,626,7069.08
20,81,829.89
370,14,230.25
115,6,543.05
79,204,2814.7
3,77,1295.39
25,53,378.89
4,886,4554.87
52,48,150.23000000000002
0,44,563.23
54,61,931.03
25,56,261.9
8,235,2711.6800000000003
51,305,3049.88
12,277,1904.99
211,33,816.73
21,249,4345.5
235,21,406.48
138,19,435.02
3,60,1286.27
56,42,1178.56
134,86,1277.75
108,16,167.61
29,1,20.8
0,54,2085.08
184,25,518.67
17,16,308.74
238,16,416.64
86,7,117.35000000000001
38,101,507.05
115,14,234.17
186,7,110.55000000000001
226,26,201.19
7,28,2154.97
188,21,319.02
3,31,439.43
38,42,650.41
37,41,357.21
266,2,251.51999999999998
77,39,344.33
3,89,1852.0
254,81,1028.46
60,22,384.06
12,143,1905.87
87,400,4459.52
16,120,5464.12
29,3,1873.2
2,128,1616.8
4,7,126.12
6,12,1133.25
218,1,179.0
10,93,1614.31
29,37,1456.96
287,12,702.0
149,4,295.0
22,23,484.82
0,169,3989.57
85,49,1493.73
45,43,1312.1399999999999
4,44,781.78
50,52,889.9300000000001
17,11,195.36
29,15,270.9
7,72,583.4300000000001
28,214,1838.6100000000001
2,252,8694.26
40,16,920.1
10,228,1258.08
30,7,71.0
44,3,95.85
60,9,357.77
184,4,154.82999999999998
78,148,877.5600000000001
110,2,716.0
63,11,146.87
11,22,380.35
85,28,1030.14
15,30,745.52
245,28,433.53000000000003
87,75,1267.32
29,22,112.4
137,15,449.73
26,69,1071.49
2,97,1036.58
31,102,1735.18
24,6,948.48
112,22,339.44
156,22,642.02
84,65,1100.9
117,43,925.35
2,317,5655.03
95,308,3185.64
193,42,240.89000000000001
27,83,399.09
130,13,498.48
27,83,1356.33
81,62,1179.89
29,514,3080.39
265,5,234.24
73,99,5232.2300000000005
313,69,533.33
20,78,1461.14
58,61,855.45
11,296,4552.14
27,143,2709.7000000000003
113,62,304.24
27,140,2429.03
17,174,1446.09
17,77,834.12
35,25,841.0799999999999
35,28,378.2
77,2,118.80000000000001
21,8,287.62
24,63,288.91
32,81,2003.85
108,52,1405.78
34,149,2747.9900000000002
122,186,1562.4
6,96,2050.08
27,115,1991.01
3,61,1974.65
2,195,3827.76
49,124,1774.03
321,14,302.0
22,74,1324.16
14,48,1022.13
1,211,954.42
17,65,971.74
9,42,1621.73
261,1,25.5
158,90,665.78
32,416,10797.48
28,116,881.29
164,12,163.29999999999998
46,29,231.61
5,123,801.12
7,39,837.5
287,9,116.19999999999999
317,10,157.02
2,35,606.91
232,18,307.46
118,7,138.32
161,9,345.29999999999995
184,31,294.24
49,35,230.5
151,248,989.45
334,14,157.09
4,134,2463.17
15,27,4892.240000000001
106,23,413.2
15,52,1139.73
275,24,380.5
15,477,10650.77
246,18,454.12
238,15,579.0
0,48,984.57
105,35,749.78
22,81,1714.59
51,9,124.88
194,14,1689.5
23,14,213.78
74,23,329.34
17,20,251.70000000000002
7,13,319.0
31,67,1266.97
21,101,1538.88
30,229,3518.03
28,104,1715.46
21,5,293.1
32,144,2467.35
283,10,158.68
38,12,206.34
57,54,835.78
288,16,224.91
78,15,317.76
4,86,3766.6
217,4,59.9
43,63,1443.69
201,15,306.13
177,80,711.79
55,125,783.97
56,23,239.92000000000002
7,73,3347.31
46,2,144.0
226,10,203.95
10,84,2474.23
105,60,383.75
58,19,444.74
27,236,2093.68
35,32,1699.3000000000002
273,29,262.62
29,29,1013.01
23,96,692.22
53,38,289.78
35,148,3560.08
174,57,1564.56
53,13,384.08
52,7,204.24
26,211,2317.2200000000003
252,4,226.85
39,157,2781.23
59,101,1059.1200000000001
233,9,113.5
3,271,1951.97
31,25,114.23
23,467,3187.55
6,62,334.48
64,27,328.65
309,48,416.89
308,21,393.49
18,47,939.32
15,208,1906.09
95,47,318.76
263,69,3638.41
11,531,3124.72
2,35,417.77
34,25,190.88
182,14,149.89000000000001
24,29,550.06
12,105,916.13
10,19,314.69
2,555,3719.1
312,15,382.5
107,40,1135.04
0,387,8540.05
52,31,954.9
204,9,171.45
14,54,280.09000000000003
119,69,318.65
3,56,381.97
362,37,269.83
116,86,348.91
17,18,178.26
4,111,271.19
40,74,291.48
106,16,240.0
147,116,581.23
51,12,1253.3600000000001
207,23,63.440000000000005
138,122,550.01
1,73,296.58
126,37,317.2
107,6,763.64
41,114,2148.63
34,25,107.82
227,69,1065.3500000000001
240,15,246.04
57,9,187.82999999999998
129,89,1685.46
59,291,1647.48
21,44,151.37
25,122,1049.06
8,140,1417.63
31,104,931.02
3,96,513.01
307,1,550.8000000000001
7,132,1854.06
28,68,547.0
16,49,128.18
100,30,498.42
11,55,656.61
20,59,163.24
14,79,1135.63
360,53,250.04
10,66,8631.31
94,12,82.75
77,55,1384.85
138,14,644.3
30,24,2328.84
24,131,2527.92
1,471,6281.23
45,9,2600.34
99,73,1200.6200000000001
7,99,657.16
14,195,906.52
17,49,986.48
279,6,96.8
13,33,523.11
22,6,363.9
123,1,175.2
85,28,494.25
301,11,307.02
150,521,1981.06
16,721,6493.54
93,9,243.36
29,407,12353.29
156,157,682.29
354,17,193.64
45,31,157.62
14,83,519.6899999999999
3,483,2622.88
85,1,228.96
14,213,1156.6
178,8,98.25
7,70,1281.32
35,27,587.15
128,8,1740.0
50,16,1393.06
311,19,178.22
23,44,384.39
302,58,360.81
10,15,127.86
16,125,568.24
48,29,488.2
238,35,312.23
0,406,4462.68
12,465,4767.36
237,33,167.55
22,107,1878.87
72,33,446.18
16,86,418.4
40,251,1337.18
39,57,646.92
218,28,495.77
198,69,400.1
70,24,203.2
23,404,4058.32
10,78,389.71999999999997
8,109,20275.61
64,2,65.4
3,49,193.39000000000001
18,15,336.4
14,45,256.11
7,28,2686.42
19,76,746.81
77,15,1259.56
0,213,31833.68
163,3,508.8
306,56,417.27
218,4,203.86999999999998
38,27,7330.8
21,89,681.41
114,38,653.38
125,206,2097.84
4,59,2633.85
35,32,263.92
3,198,31906.82
0,82,1031.41
332,111,2184.42
162,2,32.65
184,13,771.85
15,64,1214.72
11,41,778.94
2,66,1258.06
43,6,778.0
79,14,507.84
29,269,6893.42
41,30,463.46000000000004
10,206,4226.57
49,30,598.83
15,117,1979.37
45,26,698.41
18,43,759.17
7,271,5037.26
71,2,100.8
0,328,17256.85
127,39,524.9200000000001
32,14,265.76
312,43,403.3
17,48,365.76
87,54,303.15999999999997
1,134,2373.82
1,9,216.29999999999998
253,17,388.45000000000005
156,5,186.42000000000002
36,135,2248.56
219,1,534.24
147,135,2940.04
176,9,120.9
39,36,541.53
1,276,2519.21
7,336,194390.79
0,100,1721.4
17,19,486.71999999999997
191,61,517.53
203,8,131.7
364,17,249.86
126,19,1737.7
14,54,316.5
42,111,657.3
93,29,622.4300000000001
22,106,735.82
59,27,675.69
15,208,1875.86
157,9,289.96000000000004
9,41,763.28
9,5,137.0
15,88,1870.97
44,78,1125.07
190,174,697.54
78,14,194.37
77,29,511.82
3,82,1255.59
64,21,414.04
260,24,396.87
58,29,376.64
0,76,2092.32
0,109,3558.87
247,12,374.57
7,27,497.56
358,10,271.05
75,17,272.22
289,40,622.88
16,5,1138.0
220,18,288.6
8,28,689.1
2,38,558.96
205,127,2997.0299999999997
161,52,1145.84
75,14,302.2
261,88,605.58
280,22,387.31
57,364,6083.64
24,20,308.48
2,963,91062.38
28,105,2924.9900000000002
71,6,513.2
127,40,208.65
30,87,639.02
14,135,764.88
308,11,153.94
16,82,1844.02
53,30,546.81
29,45,723.2099999999999
1,73,1070.71
10,33,652.74
360,6,145.0
359,9,422.70000000000005
4,19,1195.8999999999999
53,47,939.37
0,253,3628.5
0,390,2367.12
189,14,296.7
53,9,223.36
279,13,164.4
176,3,76.5
29,74,887.67
25,9,98.42
24,25,578.9
269,25,170.75
42,141,642.32
233,5,103.3
23,6,148.86
196,42,267.16
358,39,290.34
59,49,930.41
129,2,1487.6
0,88,1952.45
19,105,480.31
205,6,157.9
13,34,541.46
94,26,854.95
18,45,165.12
13,63,1122.38
23,49,454.01
7,142,869.77
6,165,4331.48
331,29,344.14
49,271,1425.67
70,12,226.75000000000003
28,25,380.6
242,8,185.65
7,402,3564.83
217,5,143.45999999999998
4,50,448.90000000000003
252,45,215.72
0,439,11025.24
235,29,175.27
6,35,1242.3
108,208,1116.68
99,23,1240.2
59,253,2404.17
1,196,1468.02
72,157,2203.67
3,212,3923.86
84,50,993.18
11,82,386.69
22,265,2806.69
213,55,2044.3700000000001
17,13,161.67000000000002
238,9,116.00999999999999
1,551,5054.42
77,11,394.72
216,63,309.36
32,56,191.99
40,233,1105.78
6,567,3961.12
52,135,2048.45
22,306,4544.55
56,98,386.32
129,14,329.6
173,3,571.1999999999999
5,67,930.28
311,74,214.37
59,4,81.44
20,26,1379.9
32,33,527.0500000000001
14,50,843.48
17,306,2020.4
80,5,75.75
5,123,1814.12
169,26,503.59999999999997
1,39,528.33
30,70,1324.84
35,296,2358.59
18,20,285.56
30,35,547.0600000000001
275,7,108.5
86,5,621.66
119,40,712.29
372,8,101.55
0,157,2895.64
218,51,1008.39
64,7,133.06
60,91,1797.5
137,52,868.49
20,8,166.08
11,232,3945.0
24,259,4867.72
36,44,1207.56
276,22,117.55
10,91,2638.94
72,82,1674.69
25,19,595.42
16,158,2999.46
140,38,178.75
25,86,1802.91
18,43,604.64
3,18,728.16
65,116,2055.51
0,15,347.75
42,68,3406.7200000000003
227,11,205.7
15,53,1572.71
49,110,3178.17
1,218,1594.97
73,27,551.04
0,705,20374.28
3,77,1371.18
1,303,16345.38
263,16,298.11
52,30,1992.1100000000001
23,11,184.4
9,118,2474.33
43,15,239.41
16,127,3155.83
6,286,5739.46
29,252,4726.8
357,19,290.40000000000003
126,46,740.9399999999999
136,16,200.47
141,15,283.12
131,35,765.34
37,115,2285.71
235,19,338.95
260,8,154.95
16,142,2534.64
252,24,417.95
29,74,1824.37
34,55,798.74
168,31,885.19
2,103,1823.52
3,382,10504.49
184,5,152.4
187,34,263.33
169,7,137.45
10,23,385.1
44,29,522.91
320,10,153.0
200,1,326.4
22,245,5655.99
231,6,139.35
37,274,5396.04
25,50,1195.94
95,115,2424.04
126,10,3276.4000000000005
70,40,1033.0
15,192,3439.08
14,66,1060.25
3,165,2876.01
2,218,5298.4800000000005
78,67,1240.11
372,18,303.97
38,35,692.19
53,43,700.63
1,690,13110.02
8,25,377.44
8,10,168.24
18,97,1879.05
11,47,2791.35
112,15,355.11
3,136,2322.4
239,6,110.25
112,1,71.4
177,35,674.52
4,184,1710.45
358,1,80.64
0,89,1664.65
0,740,5593.39
18,404,3408.2000000000003
16,90,819.96
21,25,287.59
32,19,712.78
262,1,15.0
50,71,772.55
158,56,367.63
14,21,271.2
7,98,2081.9
12,304,3957.43
198,38,1143.27
56,54,245.81
10,50,173.45
96,153,1213.73
254,3,56.4
24,190,647.56
20,81,650.32
158,12,188.02
71,67,283.47
52,13,131.94
84,68,266.85
152,128,1817.54
73,5,1117.9
280,14,225.9
26,189,1964.3
29,10,106.1
24,52,300.34
179,45,342.83
39,81,690.0
21,111,780.43
21,404,3039.17
36,103,1187.21
81,140,1285.04
73,10,512.31
10,43,546.04
15,61,5411.91
3,828,7761.82
12,133,699.81
13,348,1698.07
36,17,36.56
3,33,387.68
71,48,3704.87
50,13,298.4
4,215,1987.33
22,67,1820.09
298,30,889.24
1,23,398.7
32,2,35.400000000000006
49,61,155.37
2,59,342.24
46,24,110.21000000000001
41,162,1541.23
26,117,2720.8
41,52,318.15
1,7676,40519.84
302,37,205.48
106,5,51.559999999999995
84,1,2033.1
80,51,901.1999999999999
217,26,605.8000000000001
371,297,5391.21
11,24,114.34
184,15,311.26
372,17,208.97
1,15,1418.03
3,54,26879.04
5,197,5140.66
304,23,141.92000000000002
368,52,226.45000000000002
2,219,2097.88
323,11,330.9
58,148,3160.0
12,90,554.85
30,370,10526.32
142,9,329.65
29,68,1157.8700000000001
106,40,428.18
1,270,1865.89
204,10,155.9
79,43,1848.96
184,46,683.46
169,12,237.61
43,26,379.45
173,6,178.51999999999998
364,26,458.92
303,8,133.35000000000002
2,142,664.34
3,113,695.0699999999999
11,53,156.34
31,102,869.28
128,10,111.35
20,65,716.0
211,20,201.37
322,91,586.89
161,34,203.85999999999999
55,28,244.1
224,15,107.21
71,192,1118.96
43,15,95.45
22,2,256.32
172,108,541.8100000000001
84,28,152.06
158,31,154.55
189,6,112.19999999999999
28,19,110.38
20,34,181.07
70,33,798.99
246,12,72.9
373,54,232.03
8,39,366.23
309,37,310.06
58,58,408.65
3,75,329.36
44,92,335.03
87,23,1304.04
3,665,4119.5
63,142,820.23
281,1,207.50000000000003
11,31,2962.5
372,1,244.08
132,21,397.29
44,23,212.54
10,5,843.0
35,39,1740.48
133,65,408.36
28,90,1331.57
51,21,704.25
137,29,145.79
4,72,380.13
8,43,4301.22
159,12,99.14
48,18,4020.04
130,2,304.56
7,2,77.50000000000001
232,20,149.57999999999998
36,9,176.68
146,1,358.56000000000006
0,70,58510.48
71,71,482.2
39,20,1008.5400000000001
4,477,2314.13
198,19,557.3
248,1,12.75
65,31,111.68
116,7,508.4599999999999
170,26,73.78
20,249,1296.44
141,34,102.41
31,98,463.21
37,325,2599.19
37,68,1098.43
371,42,112.27
373,81,265.1
165,14,228.2
210,29,562.79
241,30,135.19
51,15,337.04
24,165,703.99
14,293,4483.26
371,57,321.79
28,21,288.14
364,12,300.91999999999996
35,138,732.41
165,30,811.45
144,48,152.68
21,21,631.35
55,1,20.8
184,13,198.57
11,38,201.12
236,29,630.84
224,5,93.35
121,79,674.89
281,2,76.1
73,164,1962.46
36,91,380.39
11,57,415.13
361,37,157.92
3,53,226.47
22,22,444.68
69,30,2116.19
234,31,247.39
256,14,174.8
372,28,102.78999999999999
154,31,187.29
27,30,162.22
3,46,120.03
31,122,1477.66
80,3,523.0
107,29,122.14
51,5,38.45
35,164,612.72
152,21,389.78
98,21,115.31
3,9,230.64999999999998
333,5,73.5
64,33,93.82000000000001
21,110,418.68
35,49,713.89
31,94,403.12
153,19,70.02
18,19,357.20000000000005
11,458,4097.37
53,7,165.04999999999998
24,115,529.29
3,127,2088.6
44,43,178.34
202,7,172.29000000000002
358,5,74.4
70,20,300.02
6,358,6761.34
287,19,363.65
9,3,170.16
22,18,306.46
21,46,2119.41
172,27,720.52
132,7,814.0
5,137,2392.83
74,10,318.0
39,37,396.33
288,1,101.69999999999999
25,457,2009.24
257,25,453.0
185,18,247.44
113,72,3859.82
373,13,489.6
22,142,2611.75
7,223,2584.41
216,29,336.13
44,123,3613.15
18,2,1231.5
35,17,343.45
25,70,680.84
15,1,90.47999999999999
329,29,689.95
273,7,101.34
97,2,4055.7199999999993
60,37,166.03
1,89,9068.26
92,36,2106.52
81,70,3017.3
312,21,580.0500000000001
11,196,849.06
7,106,2662.4
126,19,168.31
10,40,222.4
0,431,259657.3
36,38,754.64
37,18,113.48000000000002
329,37,421.9
253,17,271.0
1,441,8004.92
19,37,198.8
11,26,352.69
368,1,76.32000000000001
289,28,220.1
67,371,1403.1100000000001
25,72,315.65
10,1263,5625.08
367,29,180.7
213,17,111.15
148,31,653.3
7,357,1793.06
23,34,574.4399999999999
29,192,1131.75
60,52,200.92000000000002
18,46,347.08
242,14,112.55000000000001
14,70,1059.39
211,1,931.4999999999999
28,20,681.9100000000001
62,38,784.33
294,8,152.65
17,159,8438.34
156,15,1019.52
116,61,1000.16
7,43,2888.75
12,221,2861.55
140,10,160.35000000000002
45,7,179.33999999999997
50,16,612.0799999999999
31,37,566.58
134,38,653.35
2,21,399.19
74,25,371.62
12,122,675.64
8,34,453.4
300,23,530.15
56,39,638.0600000000001
14,80,1618.69
36,24,399.65000000000003
176,10,302.46000000000004
22,37,1384.8600000000001
175,130,1160.04
60,9,202.65
32,38,980.31
58,54,1231.31
14,189,7561.68
86,31,2106.84
6,1,104.0
357,30,476.35
30,73,1340.8700000000001
128,97,1590.81
8,90,1793.17
4,119,1843.75
23,41,366.85
226,37,632.07
14,1,49.8
248,17,304.25
14,71,2001.04
77,68,1090.24
191,15,284.46000000000004
261,7,207.79999999999998
71,45,957.97
164,16,243.76
81,7,973.8399999999999
94,139,686.63
3,159,5425.56
105,30,150.35
199,68,1396.99
156,19,160.42000000000002
70,192,1975.35
35,32,517.36
28,8,139.10000000000002
1,134,2621.38
25,42,600.07
325,34,216.07
236,15,232.48000000000002
88,13,299.34000000000003
30,26,481.75
28,31,621.75
210,20,641.92
2,114,2069.77
226,2,305.28000000000003
21,64,1041.61
92,19,443.0
4,272,6484.54
263,10,158.95000000000002
2,269,5504.96
43,242,5228.05
217,5,93.75
56,30,779.9
11,164,7276.900000000001
8,86,2810.2000000000003
191,123,2071.77
81,37,592.97
325,1,440.0
71,104,1796.48
29,49,882.24
2,61,987.1
218,88,1561.6100000000001
45,6,422.58
9,104,2073.09
71,78,2232.4900000000002
6,175,2567.06
23,4,596.1
122,47,804.02
16,8,95.34
309,21,349.27
86,16,4314.72
50,94,518.27
88,6,103.3
38,118,2337.63
24,42,2338.6000000000004
172,133,2628.35
42,21,324.24
139,13,149.48
25,61,1213.1599999999999
71,46,801.51
133,1,25.5
365,7,168.6
37,11,283.15
2,166,3078.58
1,3,204.0
29,11,175.92
43,14,335.86
57,8,110.38
73,9,173.9
277,10,180.60000000000002
180,7,80.82
7,12,178.05
3,721,2045.53
42,70,1837.28
